PEDIDO,CLAVE
6766-01,1060JKPO10133P32
6766-02,1075JKPO12107P32
6766-03,1075JKPO14107P32
6766-04,1075JKPO16107P32
6766-05,1075JKPO20107P32
6767,1075JKPO16103P32
6768,2060JKAV06X100R
6769,1075JKPO 32107P32
6770,1060JKPO26133L32
6771,1060JKPO14133P32
6772,1075JKPO26103P32
6773,1100JKPO18080P32
6774,1060JKPO9.5130P3
6775,1075JKPO12103P32
6776-01,1075JKPO12107L32
6776-02,1100JKPO14080L32
6776-03,1100JKPO20080L32
6777-01,1060JKPO18133P32
6777-02,1075JKPO14107P32
6777-03,1100JKPO18080P32
6777-04,1100JKPO20080P32
6778,2050JKCR15X240C
6779,CANCELADO
6780,1100JKPO07080P32
6781,1075JKPO12103P32
6782,1075JKPO16103P32
6783-01,2050JKQM08X100C
6783-02,2050JKQM08X100C
6783-03,2050JKQM06X060C
6784,1060JKAV09X110R
6785,1060JKAV08X080R
6786,SERV-11
6787-01,R2K040J216L001
6787-02,R2K040J211L001
6788,1070JKAV10X120R
6789,1100JKPO08080P32
6790-01,1035JKPO08210P32
6790-02,1035JKPO14210P32
6790-03,1035JKPO16210P32
6790-04,R1P035PO16P203
6791,R1P030BO25L001
6792,1050JKEV14X24C
6793-01,R1P127BF15L001
6793-02,R1P178BF15L001
6793-03,R1P064NB14L001
6794,R2P250PP28L018
6795,1050JKEV14X250C
6796,1050JKPO06160L32
6797-01,2090JKEV10X10.2C
6797-02,2060JKAV06X100R
6798-01,2050JKEV12X200C
6798-02,2050JKEV11X150R
6798-03,1050JKEV09X180C
6798-04,2090JKEV8.5X120C
6799,1075JKPO26103P32
6800,R2P078M228L003
6801,1090JKEV10X250C
6802,R1P060PO10P001
6803,1075JKPO36103P32
6804,1060JKPO12130P32
6805-01,1060JKPO10133L32
6805-02,1060JKPO11133L32
6805-03,1060JKPO131330L32
6805-04,1060JKPO16133L32
6806,B2150PE0919O02
6807,1075JKPO12107L32
6808,B2K010B214L001
6809,1050JKPO12160L32
6810,R2P078N28L001
6811,1060JKPO10133P32
6812,R2P250PP16L001
6813-01,1050JKPO16160P32
6813-02,1050JKPO13160P32
6814,SERV-11
6815,7082AVPY18X23F
6816,1100JKPO20080P32
6817-01,7074PEBD20X30F
6817-02,7074PEBD20X30F
6817-03,7082AVPY18X23F
6817-04,7082AVPY18X23F
6818-01,1075JKPO14107P32
6818-02,1100JKPO18080P32
6819,1100JKPO28080P32
6820,1060JKPO12015L32
6821,1060JKPO12015L32
6822-01,2050JKQM06X100C
6822-02,2050JKQM10X120C
6823,3075JKPO22214L30
6824-01,2060JKAV08X080R
6824-02,2060JKAV08X100R
6824-03,2060JKAV08X120R
6825,SERV-10
6826,1075JKPO22107P32
6827,1075JKPO22107P32
6828,1075JKPO22107P32
6829,1075JKPO22107P32
6830,1075JKPO10107P32
6831,1060JKPO10133L32
6832,1100JKPO30080P32
6833,1075JKPO12103P32
6834,1060JKPO13133P32
6835,1100JKPO08080P32
6836,1060JKPO15130P32
6837,R2P300N228L002
6838-01,1060JKPO10133L32
6838-02,1060JKPO11133L32
6838-03,1060JKPO08133L32
6839,R2P225PP28L003
6840,1050JKPO12160L32
6841,1075JKPO22107P32
6842,1075JKPO22107P32
6843,1060JKPO16133P32
6844,1060JKPO16133P32
6845,SERV-10
6846,B2P100PE111101
6847,SERV-11
6848,SERV-11
6849-01,R1P070NB14L003
6849-02,R1P060NB14L001
6849-03,R1P178BF15L002
6849-04,R1P127BF14L002
6850,1050JKPO12160L32
6851,R2P250PP28L030
6852,R2P250PP28L031
6853-01,2050JKQM08120C
6853-02,2050JKQM08X170C
6854,2050JKQM08X170C
6855,R2P250PP28L032
6856,R2P093A316L001
6857,B2K0105B214L001
6858,1060JKPO16133P32
6859,2060JK1V09X120R
6860,2060JK1V09X120R
6861,R1P030BO25L001
6862-01,1060JKPO09133P32
6862-02,1060JKPO16133P32
6862-03,1100JKPO20080P32
6862-04,1100JKPO24080P32
6863,1100JKPO18080P32
6864,1075JKPO12103P32
6865,1060JKPO18130P32
6866,1090JKEV11X320C
6867-01,1060JKAV9.5X100R
6867-02,1060JKAV08X120R
6867-03,1060JKAV10X120R
6868-01,1050JKQM18X220C
6868-02,1050JKQM08X110C
6868-03,1050JKQM11X110R
6869,1050JKEV14X200C
6870,1060JKPO14133P32
6871,1100JKPO18080L32
6872-01,1100JKPO28080P32
6872-02,1060JKPO16133P32
6873,1060JKPO12133L32
6874,R1P400PE12L001
6875,4038JKAL9.2X507
6876-01,1060JKPO20133P32
6876-02,1060JKPO10133P32
6877,2060JKAV10X120R
6878-01,2060JKAV08X100R
6878-02,2060JKAV08120R
6878-03,2060JKAV10X150R
6878-04,B2060UAV40766101
6879,B2100PE0716O02
6880,1050JKPO12160L32
6881,2050JKEV11X160C
6882,SERV-13
6883,SERV-13
6884,SERV-13
6885,SERV-13
6886,1100JKPO12080L32
6887,R2P200PE16L003
6888-01,1050JKCR06X070C
6888-02,B1070AV0808R01
6889,1075JKPO28103P32
6890,1075JKPO12103P32
6891-01,1060JKPO14133L32
6891-02,1100JKPO18080L32
6892,1050JKQM06X090C
6893,1060JKPO20133P32
6894,1060JKPO22130P32
6895,1060JKPO12130P32
6896-01,1075JKPO14103P32
6896-02,1075JKPO12103P32
6896-03,1060JKPO13130P32
6896-04,1060JKPO10130P32
6897,2060JKPO12133L32
6898,R2K030BO18L001
6899,1060JKAV13X150R
6900,R2P250PE28L006
6901-01,1060JKPO06133P32
6901-02,1060JKPO12133P32
6902,1075JKPO12107L32
6903,1075JKPO12107L32
6904,1075JKPO12107P32
6905,1075JKPO12107P32
6906,1075JKPO12107P32
6907,1075JKPO12107P32
6908,1075JKPO14107P32
6909,1100JKPO30080P32
6910-01,1060JKAV06X080R
6910-02,1060JKAV12X200R
6911-01,1050JKPO04160P32
6911-02,1050JKPO04160P32
6912-01,1050JKQM08X110C
6912-02,1050JKQM08X120C
6912-03,1050JKQM08X170C
6913,1060JKPO12133P32
6914,1075JKPO14103P32
6915,1075JKPO12103P32
6916,1060JKPO12133P32
6917,4014JKAL5.9X3741
6918,4014JKAL5.9X3741
6919,4014JKAL5.9X3741
6920,4014JKAL5.9X3741
6921,4038JKAL9.2X507
6922,4038JKAL9.2X507
6923,R1P100PO35P201
6924,3100JKPO13160L30
6925-01,3050JKPO18160L32
6925-02,3050JKPO22160L32
6926-01,1075JKPO08107P32
6926-02,1060JKPO13133P32
6926-03,1060JKPO10133P32
6927,1100JKPO20015L32
6928-01,1060JKPO10133L32
6928-02,1060JKPO12133L32
6929-01,2060JKPO12133L32
6929-02,2060JKPO12133L32
6930,S2P300M228L003
6931,R1P060PO18L201
6932-01,B2100AV0719R01
6932-02,B2100AV0915R02
6932-03,B2100AV0918R01
6932-04,B2100AV0915R03
6932-05,B2100AV1015R01
6933,R2P250PP28L006
6934-01,1090JKEV14X240C
6934-02,1050JKEV14X200C
6935-01,B1050EV1314C01
6935-02,B1050EV1820C01
6935-03,B1090EV1820C02
6936,S2P044G211L001
6937,SERV-13
6938,SERV-13
6939,SERV-13
6940,S2P054G216L001
6941,S2P044G207L001
6942,1060JKPO28133L32
6943,1100JKPO20080P32
6944,1075JKPO12107L32
6945,3075JKPO10107L32
6946,1075JKPO32107P32
6947,1050JKQM09X100C
6948,R2K030BO18L001
6949-01,1060JKPO10133L32
6949-02,1060JKPO11133L32
6949-03,1060JKPO13133L32
6949-04,1060JKPO16133L32
6950,R2P250PP28L032
6951,R2P250PP28L032
6952-01,1060JKAV10X120R
6952-02,1060JKAV10X150R
6952-03,1060JKAV12X240R
6952-04,1060JKAV16X260R
6953-01,1100JKPO16080L32
6953-02,1060JKPO16133L32
6953-03,1060JKPO13133L32
6953-04,1075JKPO07214L30
6954,1075JKPO16107L32
6955,1050JKQM06X080C
6956,2060JKAV07X160R
6957-01,1050JKEV14X240C
6957-02,1090JKEV11X320C
6958,1060JKAV04X090R
6959,1060JKAV09X110R
6960,1050JKPO14160L32
6961,1229JKBF363X400
6962,1050JKPO14160P32
6963,B1060AV0924R01
6964,1035JKPO13015P32
6965,1060JKPO14015P32
6966-01,1060JKAV10X100R
6966-02,1060JKAV14X200R
6966-03,1060JKAV16X220R
6967,1060JKPO12133L32
6968,1100JKPO30080P32
6969,L2066O20716R01
6970,1060JKPO9.5130P3
6971,1035JKPO08210P32
6972,1229JKBF324X305
6973,1100JKPO12080L32
6974,1050JKPO22160P32
6975-01,1060JKPO12133P32
6975-02,1060JKPO08133P32
6975-03,1060JKPO15130P32
6976,2060JKAV10X120R
6977,1050JKEV18X300C
6978,1075JKPO08107P32
6979,1060JKPO10133L32
6980,1075JKPO22107P32
6981,7072AVPY417X1000
6982,7072AVPY417X1000
6983-01,2090JKEV12X320C
6983-02,B2074A20812K01
6984,B2044J20912T01
6985,B2044J20912T01
6986,R2P200PE16L005
6987,R2P200PE16L002
6988,R2P200PE16L001
6989,1035JKPO10210L32
6990,1060JKPO13035P32
6991-01,2090JKEV14X230C
6991-02,2050JKEV16X280C
6991-03,2050JKEV16X240C
6992,1060JKPO10133L32
6993,1060JKPO10133L32
6994-01,2090JKEV14X230C
6994-02,2050JKEV16X240C
6995,2050JKCR15X240C
6996,1060JKPO08133L32
6997,1060JKPO12130P32
6998,1075JKPO12103P32
6999,1060JKPO12130P32
7000,1075JKPO19107P32
7001,2090JKEV12X320C
7002-01,4115JKBO19170L30
7002-02,4115JKBO16170L30
7003,B2090PE0813O01
7004,S2P300M228L001
7005-01,4115JKBO19170L30
7005-02,4115JKBO19170L30
7005-03,4115JKBO19170L30
7005-04,4115JKBO19170L30
7005-05,R2030UBO0480L009
7006,B2150PE1015O01
7007,1075JKPO12103P32
7008,1075JKPO13107P32
7009,1060JKPO12130P32
7010,1075JKPO32103P32
7011,1060JKPO12133P32
7012,1060JKPO14133P32
7013,1060JKPO18130P32
7014,L2045K21217R01
7015,1035JKPO10210L32
7016,S2K100P220L001
7017,SERV-16
7018,2060JKAV07X090R
7019,1060JKAV08X120R
7020,2090JKEV12X360C
7021-01,R1P064NB13L001
7021-02,R1P229BF13L001
7022-01,1100JKPO10080L32
7022-02,1100JKPO14080L32
7023,1075JKPO14107P32
7024-01,B1050EV0915C01
7024-02,1050JKEV0915C01
7024-03,B1050EV1020C01
7024-04,B1050EV1318C01
7024-05,1050JKEV14X240C
7024-06,1050JKEV14X280C
7025,1075JKPO16107P32
7026,R1P125PE32L201
7027-01,R1P064NB12L001
7027-02,R1P229BF13L001
7028-01,1075JKPO14107P32
7028-02,1060JKPO10133P32
7028-03,1075JKPO12107P32
7028-04,1075JKPO10107P32
7028-05,1075JKPO26107P32
7028-06,1060JKPO12133P32
7028-07,1060JKPO14133P32
7028-08,1075JKPO06107P32
7029,2060JKAV09X140R
7030,1050JKPO13160P32
7031-01,B1050TB1114C01
7031-02,B1050TB1115C01
7032,1060JKPO10133P32
7033,1060JKPO16130P32
7034,R1P030BO25L001
7035,2060JKAV08X120R
7036,7082AVPY18X23F
7037-01,7077PBD25X27ZF
7037-02,7077PBD25X27ZF
7038-01,7074PEBD202X30F
7038-02,7082AVPY18X23F
7038-03,7082AVPY18X23F
7039-01,1060JKPO24035P32
7039-02,1060JKPO24035P32
7040,1035JKPO14210P32
7041,1100JKPO10080P32
7042,1090JKEV10X220C
7043,R1P075PO34P202
7044,B2150PE0919O02
7045,R2P250PP28L017
7046,R2P250PP28L031
7047,S2P300N228L002
7048,R2P225PP28L013
7049-01,2050JKCR10X120C
7049-02,1050JKCR10X120C
7049-03,2050JKCR08X120C
7049-04,1050JKCR08X120C
7049-05,1050JKCR10X180C
7050,R2P225PP28L009
7051,R2P250PP28L008
7052,1060JKPO16133P32
7053,1100JKPO24080P32
7054,3075JKPO22214L30
7055,3075JKPO22214L30
7056,1975JKPO12107P32
7057,1075JKPO10107L32
7058-01,1060JKPO09133P32
7058-02,1050JKPO09160P32
7059-01,1050JKEV12X240C
7059-02,1050JKEV16X260C
7059-03,1050JKEV16X330C
7059-04,1090JKEV12X240C
7059-05,1090JKEV14X280C
7059-06,1090JKEV16X330C
7060,2060JKAV09X120R
7061,1050JKCR10X120C
7062,SERV-16
7063-01,2060JKAV08X100R
7063-02,2060JKAV08X120R
7063-03,2060JKAV10X120R
7063-04,2060JKAV10X150R
7064-01,2060JKAV08X100R
7064-02,2060JKAV08X120R
7064-03,2060JKAV10X120R
7064-04,2060JKAV10X150R
7065-01,2050JKQM08X170C
7065-02,2050JKQM06X100C
7066,1075JKPO12103P32
7067,R1P060PO16P213
7068,4014JKAL5.9X3747
7069,2060JKAV08X120R
7070,S2P300N228L003
7071,S2P300N228L003
7072,B2100PE0716O03
7073-01,1060JKPO12133P32
7073-02,1060JKPO18133P32
7073-03,1075JKPO11107P32
7073-04,1075JKPO16107P32
7073-05,1060JKPO12133P32
7074-01,1060JKPO12133P32
7074-02,1060JKPO18133P32
7074-03,1075JKPO11107P32
7074-04,1075JKPO16107P32
7074-05,1100JKPO14080P32
7075,1075JKPO14103P32
7076,1060JKPO9.5130P3
7077,1100JKPO18080P32
7078,R2P250PP28L025
7079,3100JKPO29160L30
7080,R2K125Q225L001
7081-01,1075JKPO12103P32
7081-02,1075JKPO16103P32
7082-01,1060JKPO10133P32
7082-02,1060JKPO12133P32
7082-03,1060JKPO14133P32
7082-04,1075JKPO22107P32
7083-01,1100JKPO18080P32
7083-02,1100JKPO08080P32
7083-03,1100JKPO06080P32
7084-01,1075JKPO08107P32
7084-02,1075JKPO14107P32
7084-03,1100JKPO16080P32
7085-01,RE0663
7085-02,RE0664
7085-03,RE0665
7086,1035JKPO10210L32
7087,R1P030BO12P001
7088,R1P030BO15P001
7089,1050JKEV14X250C
7090,9S2K052R216L001
7091,1060JKPO12133L32
7092,2060JKAV08110R
7093,1060JKPO16133P32
7094,1060JKPO12133L32
7095,1060JKAV10X140R
7096-01,1060JKPO10133L32
7096-02,1060JKPO12133L32
7096-03,1060JKPO24133P32
7096-04,1060JKPO10133P32
7097,1060JKPO18133P32
7098,1060JKPO16133P32
7099,1060JKPO16133P32
7100,1035JKPO14015L32
7101-01,2060JKAV09X140R
7101-02,1045JKPF
7102,S2P300N228L004
7103,9R2P125PE32L001
7104,9R2P125PE34L001
7105,R2P040PB07L002
7106,R2035BO0042L003
7107,SERV-11
7108,SERV-11
7109,S2P300N228L005
7110,S2P300N228L005
7111,S2P300N228L006
7112,S2P300N228L006
7113,B2125PE0817O07
7114-01,R2035BO0042L002
7114-02,R2035BO0042L001
7115,1075JKPO22107P32
7116,1075JKPO22107P32
7117,R1P030BO29L001
7118,1100JKPO08080P32
7119,2060JKPO16130P32
7120,1035JKPO16187P32
7121,B2125PE0817O01
7122,R2P250PP28L033
7123,B2150PE1021O12
7124,S2P300N228L007
7125,S2P300N228L007
7126,S2P300N228L007
7127,S2P300N228L001
7128,B2150PE1021O03
7129,1075JKPO22107P32
7130,1100JKPO30080P32
7131-01,1060JKPO10133P32
7131-02,1060JKPO14133P32
7131-03,1060JKPO16133P32
7132-01,1060JKPO12133P32
7132-02,1060JKPO18133P32
7132-03,1075JKPO14107P32
7133-01,1075JKPO20107P32
7133-02,1075JKPO22107P32
7133-03,1100JKPO10080P32
7134,3075JKPO19107L32
7135,1090JKEV10X220C
7136,CANCELADO
7137,1060JKPO20133P32
7138,3075JKPO19107L32
7139,1050JKEV14X250C
7140,1060JKPO10015L32
7141,1050JKPO18160L32
7142,1100JKPO12080L32
7143,B2125PE0817O08
7144,1075JKPO12107P32
7145,B2125PE0817O09
7146,B2100PE0716O01
7147,B2150PE1021O07
7148,B2125PE0817O05
7149,3100JKPO18160L30
7150,3100JKPO14160L30
7151,3100JKPO12080L32
7152,1060JKPO09133P32
7153,1035JKBO740X2250
7154,1060JKPO18133P32
7155-01,1075JKPO12107L32
7155-02,1075JKPO10107L32
7156,1035JKPO14210P32
7157,1050JKPO12160L32
7158,1050JKCR08X17.5C
7159,1050JKCR08X17.5C
7160,1050JKCR08X17.5C
7161,SERV-11
7162-01,R1P035PO11P201
7162-02,1100JKPO22080P32
7162-03,1100JKPO24080P32
7163-01,1050JKQM11X110R
7163-02,1050JKQM06X070C
7164,1075JKPO22107P32
7165,1075JKPO22107P32
7166,1100JKPO30080P32
7167,2060JKPO16130P32
7168-01,4115JKBO24170L30
7168-02,4115JKBO15170L30
7168-03,4115JKBO19170L30
7168-04,4115JKBO24170L30
7169,2050JKEV11X150R
7170-01,S2K058A206L001
7170-02,S2K058A206L002
7171,R2P250PP28L034
7172,R1P060PO22L001
7173-01,1075JKPO14107P32
7173-02,R1P060PI14L001
7174-01,1060JKAV04X120R
7174-02,1060JKAV3.5X090R
7174-03,1060JKAV3.5X080R
7174-04,1060JKAV05X100R
7175,2070JKAV06X110R
7176,1090JKEV11X320C
7177,1050JKEV13X240C
7178,1050JKEV20X340C
7179-01,1075JKPO14107P32
7179-02,1075JKPO08107P32
7179-03,1075JKPO18107P32
7180,B2125PE0817O03
7181,B2150PE1021O13
7182,B2150PE1015O01
7183,3075JKPO21107L32
7184,7072AVPY417X1000
7185,B2060AV1016R01
7186,B2060AV0910R01
7187,B2120PE0715O01
7188-01,1050JKEV16X260C
7188-02,1050JKEV16X200C
7188-03,1050JKEV12X240C
7188-04,1090JKEV12X240C
7188-05,1050JKEV16X330C
7188-06,1090JKEV16X330C
7188-07,1050JKEV14X280C
7188-08,1050JKEV12X280C
7189,1060JKPO24266P30
7190-01,1075JKPO14103P32
7190-02,1075JKPO16103P32
7191,1060JKPO12X133L32
7192,1060JKPO16133P32
7193-01,1050JKEV12X240C
7193-02,1050JKEV13X260C
7193-03,1050JKEV14X240C
7193-04,1050JKEV16X200C
7193-05,1050JKEV16X260C
7193-06,1050JKEV18X280C
7193-07,1050JKEV20X340C
7194,R2P250PP28L003
7195,S2P300M232L001
7196,S2P300N228L008
7197,R2P200PE16L004
7198,1090JKEV10X250C
7199,1050JKEV18X300R
7200-01,2090JKEV12X320C
7200-02,B2070A20812K01
7201,SERV-13
7202,SERV-13
7203,SERV-13
7204,R1P035PO16P204
7205,2050JKCR15X240C
7206-01,1090JKEV14X240C
7206-02,1050JKEV14X200C
7207,1075JKPO19107L32
7208,B2125PE0817O11
7209,B2125PE0817O10
7210,R1P100PO36L201
7211,R1P030BO29L001
7212,B2125PE0817O10
7213,B2125PE0817O11
7214-01,1050JKPO13160P32
7214-02,1050JKPO16160P32
7215,SERV-21
7216,SERV-10
7217-01,1050JKPO08160P32
7217-02,1050JKPO10160P32
7218,1060JKPO10133P32
7219-01,1060JKPO08133P32
7219-02,1060JKPO10133P32
7219-03,1060JKPO12133P32
7219-04,1060JKPO14133P32
7219-05,1060JKPO16133P32
7220,1100JKPO30080P32
7221,1100JKPO30080P32
7222,1075JKPO22107P32
7223,1075JKPO22107P32
7224-01,2060JKPO16133P32
7224-02,2060JKPO16133P32
7225,1075JKPO22107P32
7226-01,3075JKPO10107L32
7226-02,3075JKPO19107L32
7227,B2100PE0716O07
7228,B1060AV2830R01
7229,R1P100PO35P201
7230-01,R1P035PO11P202
7230-02,R1P035PO13P201
7230-03,R1P050PO11P203
7230-04,R1P050PO13P201
7231,1060JKPO12133P32
7232,1100JKPO14080L32
7233,SERV-16
7234,1100JKPO20080L32
7235,9S1P300M228L001
7236-01,R1P030BO14L001
7236-02,R1P030BO10L001
7237,R1P030BO29L001
7238,MERMA PROD
7239,B2100PE0716O08
7240,B2125PE0817O06
7241,1060JKPO06X060R
7242-01,7074PEBD20X30F
7242-02,7082AVPY18X23F
7243,1050JKEV14X240C
7244,1060JKPO18133P32
7245,2090JKEV20X300C
7246,1075JKPO32107P32
7247,1075JKPO32107P32
7248,1050JKEV12X140C
7249,2050JKCR15X240C
7250-01,1060JKPO10133P32
7250-02,1075JKPO10107P32
7250-03,1075JKPO14107P32
7250-04,1075JKPO16107P32
7250-05,1100JKPO08080P32
7251-01,1075JKPO12107L32
7251-02,1075JKPO14107L32
7252-01,1090JKEV10X140C
7252-02,1090JKEV10X180C
7252-03,1090JKEV12X180C
7254,B2125PE0918O01
7255,SERV-25
7256,S2P080A215L002
7257-01,2060JKAV08X100R
7257-02,2060JKAV08X120R
7257-03,2060JKAV10X120R
7257-04,2060JKAV10X150R
7258,B2090PE0813O01
7259-01,9L1085A21012R01
7259-02,9L1085A21015R01
7259-03,9L1085A21018R01
7259-04,9L1085A21218R01
7259-05,9L1085A21222R01
7259-06,9L1085A21424R01
7260,1045JKPF
7261,2050JKEV11X160C
7262-01,1060JKAV14X220R
7262-02,1050JKQM18X220C
7263,B2100PE0716O08
7264,B2150PE1021O02
7265,R1P030BO12P001
7266,R1P030BO12P001
7267,R1P030BO15P001
7268,R1P030BO15P001
7269,1075JKPO12107L32
7270,1075JKPO12107L32
7271,1075JKPO12107L32
7272,1075JKPO12107L32
7273,1075JKPO12107L32
7274,1075JKPO12107L32
7275,1075JKPO12107L32
7276,1100JKPO16080L32
7277,1060JKPO13133P32
7278,2050JKCR15X240C
7279,1060JKPO10133L32
7280,1060JKPO10133P32
7281,B1060AV0507R01
7282-01,1060JKPO18133L32
7282-02,1060JKPO20133L32
7283-01,1050JKPO04160P32
7283-02,1050JKPO14160P32
7283-03,1035JKPO16187P32
7284-01,2100JKAV09X110R
7284-02,2100JKAV09X150R
7285,1100JKPO18080L32
7286,B2044J20912T01
7287,B2044J20912T01
7288,B2044J20912T01
7289,1100JKPO10080L32
7290,1060JKPO09133P32
7291-01,1060JKPO12133P32
7291-02,1035JKPO08210P32
7291-03,1100JKPO18080P32
7292,2090JKEV8.5X120C
7293-01,1060JKPO12133P32
7293-02,1100JKPO12080P32
7294-01,1050JKCR09X100C
7294-02,1050JKQM07X090C
7295,SERV-21
7296,CANCELADO
7297,9R2K016FO03L001
7298,1050JKCR08X17.5C
7299,1050JKCR08X17.5C
7300,1050JKCR08X17.5C
7301-01,B1060AV0408R01
7301-02,1060JKAV04X080R
7302,B2125PO0918O01
7303,B2100PE0716O09
7304,1060JKAV10X100R
7305,1060JKAV10X100R
7306,1075JKPO12107L32
7307,R1K020BO19L001
7308,R1P060PO20L001
7309-01,1229JKBF363X400
7309-02,1178JKBF362X500
7310,1050JKPO13035P32
7311,1035JKPO06210L32
7312,1075JKPO16103L32
7313-01,1075JKPO14103P32
7313-02,1075JKPO12103P32
7313-03,1060JKPO10130P32
7314-01,2060JKAV14X200R
7314-02,2060JKAV14X200R
7315-01,2060JKAV14X200R
7315-02,2060JKAV14X200R
7316,1060JKPO20133P32
7317,R1P100PO20L001
7318,1060JKPO14133P32
7319,B2150PE1021O10
7320,R2P200PE16L006
7321,1062JKBO227X1767
7322,1062JKBO227X1767
7323,1062JKBO227X1767
7324-01,1062JKBO227X1767
7324-02,1062JKBO227X1767
7324-03,1062JKBO227X1767
7325,1062JKBO227X1767
7326,1062JKBO227X1767
7327,1075JKPO22107P32
7328,1075JKPO22107P32
7329,1100JKPO30080P32
7330,1060JKPO16133P32
7331,1075JKPO12107L32
7332,1075JKPO12107L32
7333,1075JKPO10107P32
7334,1060JKPO08133P32
7335,7082AVPY18X23F
7336-01,1060JKAV8.5X180R
7336-02,1050JKCR10X180C
7336-03,1050JKCR08X120C
7336-04,1050JKCR12X200C
7336-05,1060JKAV10X160R
7337-01,1060JKPO14133P32
7337-02,1060JKPO18133P32
7338-01,R1P035PO11P203
7338-02,1075JKPO12107P32
7338-03,1100JKPO08080P32
7338-04,1100JKPO20080P32
7338-05,1100JKPO24080P32
7339,B2100PE0714O02
7340-01,2060JKPO16133P32
7340-02,2060JKPO16133P32
7341,B2100PE0714O01
7342,B2100PE0714O14
7343,B2100PE0716O10
7344,B2125PE0817O12
7345,L2045K21217R01
7346,L2045K21217R01
7347,R2P200PE16L004
7348,9B1150PE0905O01
7349,B1050EV1832R01
7350,1050JKEV18X300C
7351,B2044J20912T01
7352,B2044J20912T01
7353,B2044J20912T01
7354,1050JKPO13160P32
7355,1050JKPO16160P32
7356-01,1050JKCR10X120C
7356-02,1050JKCR08X120C
7356-03,1050JKCR10X180C
7356-04,1050JKCR10X220C
7357,R2P225PP28L010
7358,2050JKEV11X150R
7359-01,R1P060PO12P201
7359-02,R1P060PO14P201
7359-03,R1P060PO16P201
7360,R1P035PO08P204
7361,B1050TE0910C01
7362,B1050TE0910C01
7363-01,R1P050PO12L201
7363-02,R1P060PO24P002
7364-01,R1P060PO18P205
7364-02,R1P060PO14P205
7365,S2P300M228L002
7366,1100JKPO09080L32
7367,1075JKPO22107L32
7368-01,B2050TE0810C01
7368-02,B2050TE0606C02
7368-03,B2050TE0606C01
7369,B1050TE1825C01
7370,B1060AV1010R01
7371,1050JKPO08160L32
7372,R1P035PO08P204
7373,1060JKPO14133L32
7374-01,9R1P060PO10P209
7374-02,9R1P060PO10L202
7374-03,9R1P060PO12P201
7374-04,9R1P060PO12L203
7374-05,9R1P060PO14P204
7374-06,9R1P060PO14L202
7374-07,9R1P060PO16P205
7374-08,9R1P060PO16L201
7374-09,9R1P075PO10P202
7374-10,9R1P075PO10L201
7374-11,9R1P075PO12P203
7374-12,9R1P075PO12L201
7374-13,9R1P075PO14P211
7374-14,9R1P075PO14L201
7374-15,9R1P075PO16P203
7374-16,9R1P075PO16L202
31476,0
7375-01,B1050TE0812C01
7375-02,B1050TE0817C02
7376,B2050TE0817C01
7377,B1060AV1515R01
7378-01,B2050TE0609C01
7378-02,B2050TE0711C01
7379,R1K100PO20L001
7380,9L2104A20707R01
7381,R1P060PO20P202
7382,R1P060PO12L201
7383,B2100PE1211O01
7384,S2K100P220L001
7385,B2K0105B214L001
7386-01,B1060AV1012R01
7386-02,B1060AV1416R01
7387,B2125PE0817O04
7388-01,S2K054G215L001
7388-02,S2K054G215L002
7389-01,B2050EV1115R01
7389-02,B2050EV1220C01
7390,L2066O20716R01
7391-01,B1090EV1132C01
7391-02,B1050EV1424C01
7392-01,B1060AV0412R01
7392-02,B1060AV0309R01
7392-03,B1060AV0308R01
7392-04,B1060AV0507R01
7393-01,B1050EV1418C01
7393-02,B1050EV1416C01
7393-03,B1060AV0711R01
7394,SERV-25
7395,B2070AV0810R01
7396,B1050EV1832R01
7397,R1P075PO19P201
7398,L2066O20716R01
7399,B1050EV2032C01
7400-01,B1060AV0911R01
7400-02,B1060AV0812R01
7400-03,B1060AV1012R01
7401,R1P050PO10P201
7402,R1P050PO12P201
7403,R1P050PO14P201
7404-01,R1P075PO12L201
7404-02,R1P075PO10L201
7405,R1P035PO14P204
7406,R1P100PO24P202
7407-01,R1P075PO14P208
7407-02,R1P075PO12P201
7407-03,R1P060PO14P204
7408,R1P060PO12P201
7409-01,B1070AV0406R01
7409-02,B1070AV0606R01
7409-03,B1070AV0608R01
7409-04,B1070AV0812R01
7410,1030JKBO65AFRS
7411,R1P060PO10P201
7412,R1P060PO12P201
7413,R1P060PO14P201
7414,R1P060PO16P201
7415-01,R1P060PO18P201
7415-02,R1P060PO24P205
7416,R1P075PO08P201
7417,B2050TE1524C01
7418,B1150PE1021O01
7419,9R2P037BO02L001
7420,1050JKPO22160P32
7421-01,1050JKCR12X200C
7421-02,1050JKCR12X220C
7422-01,1050JKCR14X210C
7422-02,1050JKCR16X330C
7423-01,1050JKCR06X080C
7423-02,1050JKCR07X220C
7423-03,1050JKCR07X070C
7423-04,1050JKCR08X120C
7423-05,1050JKCR08X17.5C
7423-06,1050JKCR09X100C
7423-07,1050JKCR09X150C
7423-08,1050JKCR09X180C
7423-09,1050JKCR09X300C
7424-01,1050JKEV12X280C
7424-02,1050JKEV14X250C
7424-03,1050JKEV16X250C
7425,B1050TE1111R01
7426,S2K127S209L001
7427-01,1060JKAV10X140R
7427-02,1060JKAV10X180R
7427-03,1060JKAV11X140R
7427-04,1060JKAV12X100R
7428-01,1060JKAV05X090R
7428-02,1060JKAV07X080R
7428-03,1060JKAV07X090R
7428-04,1060JKAV09X140R
7429-01,1060JKAV12X240R
7429-02,1060JKAV16X220R
7429-03,1060JKAV16X260R
7430-01,R1P060PO06P203
7430-02,R1P060PO09P203
7430-03,R1P060PO11P202
7430-04,R1P060PO13P205
7431-01,R1P050PO10P202
7431-02,R1P050PO14P202
7431-03,R1P035PO16P201
7431-04,R1P050PO08P203
7432-01,1060JKPO11133L32
7432-02,1050JKPO14160L32
7433,9R2P160PE06L001
7434,4038JKAL9.2X507
7435,4038JKAL9.2X507
7436,4038JKAL9.2X507
7437,4038JKAL9.2X507
7438,4038JKAL9.2X507
7439,R1P075PO16P205
7440,4115JKBO19170L30
7440-02,4115JKBO19170L30
7441,S2K034G207L001
7442-01,B1060AV0608R01
7442-02,B1060AV1012R01
7443,S2K104C315L001
7444,R1P050PO18L201
7445-01,R1P060PO12L201
7445-02,R1P060PO14L201
7445-03,R1P060PO16L201
7446,B2070AV0712R01
7447-01,G0237
7447-02,G0238
7447-03,G0239
7447-04,G0239
7448,1050JKPO22160P32
7449-01,R1P050PO13P204
7449-02,R1P050PO16P201
7449-03,R1P060PO22P203
7450,S2K104C309L001
7451,B1050TE0817C01
7452,B1050TE0817C01
7453,B1050TE0817C01
7454,B2150PE1021O14
7455,B2110PE0817O01
7456,9B2053EV1314R01
7457,B2050TE1113C01
7458,S1K101D309L001
7459-01,R1P060PO24P202
7459-02,R1P075PO16P204
7459-03,R1P100PO12P204
7459-04,R1P100PO13P201
7459-05,R1P060PO10L201
7459-06,R1P060PO12L201
7459-07,R1P060PO10P203
7460,R1P050PO13P204
7461-01,B1090EV1424R01
7461-02,B1090EV1828R01
7461-03,B1090EV2034R01
7462-01,B1090EV1424C01
7462-02,B1050EV1420C01
7463,R1P100PO08P206
7464,B1050TE0610C01
7465,B2090PE1308O01
7466-01,1JKCJ64X25X25
7466-02,1JKCJ52X25X25
7466-03,1JKCJ42X25X25
7467-01,R1P100PO16L201
7467-02,R1P100PO10L201
7468,SERV-11
7469,R1P060PO12P201
7470,R1P100PO35P201
7471,S2P080A215L001
7472,B2050TE0712R01
7473,B1050TE0710C01
7474,B1090TE0925C01
7475,B2120PE1214O02
7476,B2090PE0813O02
7477,B2100PE1211O01
7478,B2120PE1218O01
7479,B2150PE1015O02
7480,R2K014F002L001
7481,R2K014F002L001
7482,R2K014F002L001
7483,R2K014F002L001
7484,R2K014F002L001
7485,R2P075PO16P201
7486,R2P075PO16P201
7487,B2150PE0919O01
7488-01,B1050EV0918C01
7488-02,B1050EV1426C01
7488-03,B1050EV1220C01
7488-04,B2090EV0912C01
7489,R1P060PO14P203
7490,R1P075PO12L201
7491,R1P075PO22P202
7492,R1P075PO22P202
7493,R1P060PO16P204
7494,R1P060PO16P204
7495,R1P075PO14P206
7496,R1P075PO16P203
7497,R1P100PO22P202
7498,R1P075PO10P202
7499,R1P100PO30P201
7500,B1060AV1420R01
7501,R2K014F002L001
7502,R1P100PO12L201
7503,R1P075PO28P202
7504,S2P300N228L001
7505,S2P300M228L001
7506,R1P075PO14P208
7507,CANCELADO
7508-01,B1090EV1630C01
7508-02,B1090EV1424C01
7508-03,B1090EV2034C01
7509,B2150PE1021O13
7510-01,2050JKEV18X320R
7510-02,2050JKEV20X350R
7510-03,2050JKEV16X240R
7511-01,1050JKQM09X110C
7511-02,1050JKQM06X060C
7512,1030JKBO65AFRS
7513,1060JKPO13133P32
7514-01,R1P060PO16L201
7514-02,R1P060PO18L201
7515,R1P060PO12P201
7516-01,1060JKPO24133P32
7516-02,1075JKPO08107P32
7517,7084AVPY408X600
7518,R1P050PO12L201
7519,7074PEBD20X30F
7520,B1060AV0709R01
7521,G0036
7522,B1050TE0811C01
7523,SERV-11
7524-01,9R2P080E323L001
7524-02,9R2P080E323L002
7525,B1050EV1424C01
7526,R2P250PP28L003
7527,R2P225PP28L012
7528,R1P035PO06L202
7529-01,S2K054G215L001
7529-02,S2K054G215L002
7530,R1P100PO12L201
7531,B2050EV1116C01
7532,R1P100PO30P201
7533,R1P100PO30P201
7534,3075JKPO14107L32
7535,R1P060PO10L201
7536,R1P100PO08P206
7537,1100JKPO08080L32
7538-01,1075JKPO20107L32
7538-02,1050JKPO16160L32
7539-01,B1060AV0408R01
7539-02,B1060AV0408R02
7540,R1P100PO30P204
7541,S2K097D305L001
7542,B2060AV0608R01
7543,R2P125PE17L202
7544,R1P100PO30P201
7545,R1P100PO30P201
7546,R1P100PO16L201
7547,9R1K030BO17L001
7548,B2150PE1021O15
7549-01,R1P060PO08P207
7549-02,R1P060PO12P204
7549-03,R1P060PO14P205
7549-04,R1P075PO08P201
7549-05,R1P075PO12P206
7549-06,R1P075PO16P207
7549-07,R1P075PO18P204
7550,B2090PE0813O03
7551,R1P060PO24P206
7552,S2P084C216L001
7553,B2044J20912T01
7554,B2044J20912T01
7555-01,R1P050PO13P204
7555-02,R1P050PO16P201
7556-01,R1P050PO13P204
7556-02,R1P050PO16P201
7557,R1P050PO13P204
7558,R1P050PO13P204
7559,R1P060PO06P202
7560-01,2050JKEV18X320R
7560-02,2050JKEV20X350R
7560-03,2050JKEV16X240R
7561,B2044J20912T01
7562,B2044J20912T01
7563,R1P100PO30P201
7564,R1P100PO30P201
7565,S2K034G208L001
7566,B2125PE0817O02
7567,R1P040BO21P001
7568-01,R1P060PO10L201
7568-02,R1P060PO11L201
7568-03,R1P060PO13L201
7568-04,R1P060PO16L201
7569,B1060AV0812R01
7570,R2P250PP28L030
7571,B2100PE0716O03
7572,B2125PE0817O07
7573-01,B1070AV2032R01
7573-02,B1070AV1830R01
7573-03,B1070AV1628R01
7573-04,B1070AV1426R01
7573-05,B1070AV1223R01
7573-06,B1070AV0717R01
7573-07,B1070AV0928R01
7574,1075JKPO08107P32
7575,L2045K21217R01
7576,L2045K21217R01
7577,B2060AV0811R05
7578-01,B2121A20610K02
7578-02,B2121A20610K01
7579,1030JKBO991AFRS
7580,B1050TE0612C01
7581,R1K075PO06L201
7582-01,B1060AV2032R01
7582-02,B1060AV1830R01
7582-03,B1060AV1628R01
7582-04,B1060AV1426R01
7582-05,B1060AV1223R01
7582-06,B1060AV0717R01
7582-07,B1060AV0928R01
7583,2090JKEV14X230C
7584,B2050TE1524C01
7585,R1P060PO12L201
7586-01,R1P060PO12L201
7586-02,R1P060PO14L201
7586-03,R1P060PO16L201
7587-01,R1P060PO12L201
7587-02,R1P060PO14L201
7587-03,R1P060PO16L201
7588-01,R1P060PO12L201
7588-02,R1P060PO14L201
7588-03,R1P060PO16L201
7589,R1P060PO16L201
7590,R1P100PO18L201
7591-01,4115JKBO24170L30
7591-02,4115JKBO19170L30
7591-03,R2K030BO15L003
7592,S2P300N228L00
7593,B1060AV1012R01
7594,R1P060PO14L201
7595,R1P064NB16L002
7596-01,B2060AV0808R02
7596-02,B2060AV0810R02
7597-01,B1050TE0810C01
7597-02,B1050TE1119C01
7598-01,B1050TE1020C01
7598-02,B1050TE0906C01
7598-03,B1050TE0605C02
7598-04,B1050TE0607C02
7598-05,B1060AV0914R01
7598-06,B1060AV0913R01
7599,B1050TE1111R01
7600,B1050TE1114R01
7601,R2P125PE17L203
7602,9B1150PE0905O0
7603,SERV-11
7604,B1090EV0925C01
7605-01,R1P035PO14P204
7605-02,R1P035PO08P201
7606-01,1060JKPO13133P32
7606-02,1060JKPO14133P32
7607,1050JKPO13160P32
7608-01,R1P050PO08P203
7608-02,R1P050PO10P202
7609-01,7082AVPY18X23F
7609-02,7082AVPY18X23F
7610-01,R2047182PP41L001
7610-02,R2047182PP41L002
7610-03,R2047182PP41L003
7610-04,R2047182PP41L004
7611-01,R1P075PO16L201
7611-02,R1P100PO12L201
7612-01,R1P060PO13P201
7612-02,R1P060PO14P201
7612-03,R1P060PO16P203
7612-04,R1P075PO08P203
7612-05,R1P100PO16P201
7612-06,R1P060PO10P201
7613-01,B2050EV1624C03
7613-02,B2050EV2034C01
7614-01,L2079C20409R01
7614-02,L2079C20409R02
7614-03,L2079C20709R01
7614-04,L2079C20810K01
7614-05,L2079C20810K02
7614-06,L2079C20810K03
7614-07,L2079C20910K01
7614-08,L2079C20910K02
7614-09,L2079C20910K03
7615,S2P080A215L001
7616,B2090PE0813O02
7617,R1P060PO22P204
7618-01,R1P060PO12P202
7618-02,R1P060PO16P203
7618-03,R1P060PO20P202
7619-01,R1P100PO16P201
7619-02,R1P100PO18P202
7619-03,R1P100PO20P202
7619-04,R1P100PO22P201
7619-05,R1P100PO24P202
7620-01,R1P060PO10L201
7620-02,R1P060PO08L201
7620-03,R1P060PO12L201
7621,B2100PE1211O01
7622,S2K043G208L001
7623,S2K043G208L001
7624,R1P075PO12L201
7625,R1P060PO20P001
7626,B1050EV1115R01
7627,R1P035PO06L202
7628,B1150PE1021O01
7629,B2100PE0716O0
7630-01,R1P060PO10P208
7630-02,R1P060PO13P206
7630-03,R1P075PO14P208
7631,1050JKPO14160P32
7632,B1090EV1132C01
7633-01,9L2044J21014T01
7633-02,9L2044J21319T01
7634-01,1JKCJ42X25X25
7634-02,1JKCJ52X25X25
7634-03,1JKCJ64X25X25
7635,B2060AV0610R03
7636-01,B1060AV0911R01
7636-02,B1060AV0812R01
7636-03,B1060AV0911R02
7637,R1K037G222L01
7638,B1050TE0607C01
7639-01,B1050TE0918C01
7639-02,B1050TE1822C01
7639-03,B1050TE0607C01
7639-04,B1050TE1111R01
7639-05,B1050TE0811R01
7640,R1P035PO10L201
7641,R1P075PO22P202
7642,R1P075PO22P202
7643,R1P075PO22P202
7644,R1P075PO22P202
7645,R1P075PO12L201
7646,7016JKFO4.7X2200
7647-01,7016JKFO4.7X2200
7647-02,7016JKFO4.7X2200
7648,B2050EV116C01
7649,B1060AV0616R01
7650,B1090EV1834C01
7651,B2150PE2110O01
7652,R1P075PO12L201
7653,R1P075PO12L201
7654,R1P075PO12L201
7655,R1P075PO12L201
7656,S2K043G213L001
7657,B1050TE0817C01
7658,B1050TE0817C01
7659,R1P060PO05L201
7660,R1P060PO05L201
7661,R1P060PO13P206
7662,B1060AV1422R01
7663,R1P060PO14P203
7664-01,B1090EV1630C01
7664-02,B1090EV1424C01
7665,R1P060PO16P203
7666,B1060AV0711R01
7667-01,S2P062H209L002
7667-02,S2P062H209L011
7667-03,S2P062H209L013
7668,S2P062H209L004
7669-01,B1050EV1011C01
7669-02,B1050EV1012C01
7669-03,B1050EV1016C01
7670,9B1150PE0905O01
7671,B2050EV1115R01
7672-01,B1050TE1114R01
7672-02,B1050TE1818R01
7672-03,B1050TE0818R01
7673-01,R1P075PO10P203
7673-02,R1P075PO12P206
7674,1050JKPO22160P32
7675-01,9B1K020BO12L001
7675-02,9B1K020BO16L001
7675-03,9B1K020BO20L001
7676-01,S2P080A215L001
7676-02,S2P080A215L002
7677-01,B1060AV0606R01
7677-02,B1060AV1012R01
7677-03,B1060AV1220R01
7678,9S2K300M213L001
7679,R1P075PO12L201
7680,9B1160PE0717O01
7681,R1P075PO26P201
7682,9B1K070AV29L001
7683,R1P100PO16L201
7684,R1P060PO16L201
7685-01,R2K030BO18L010
7685-02,R2K030BO18L011
7685-03,R2K030BO18L012
7685-04,R2030UBO0480L009
7685-05,R2K030B018L020
7685-06,R2K030BO18L023
7686-01,B2060AV0810R05
7686-02,B2060AV0812R04
7686-03,B2060AV1012R01
7686-04,B2060AV1015R01
7687,R1P100PO12P205
7688,S2P062H209L006
7689,S2P062H206L011
7690,S2P062H209L008
7691-01,R1P060PO09P203
7691-02,R1P060PO13P201
7691-03,R1P060PO10L201
7691-04,R1P060PO12L201
7691-05,R1P060PO10P203
7692-01,B1070AV0406R01
7692-02,B1070AV0606R01
7692-03,B1070AV0608R01
7692-04,B1070AV0812R01
7693-01,B1060AV0808R01
7693-02,B1060AV1015R01
7694-01,L2079C20409R01
7694-02,L2079C20409R02
7694-03,L2079C20709R01
7695,B1050EV1828R01
7696,9S2P061H201L001
7697,9S2K025M225L001
7698,1045JKPF
7699-01,B1090EV1424C01
7699-02,B1050EV1420C01
7700,B1060AV1416R01
7701,9S2K053A305L001
7702,B2150PE1015O02
7703,B2150PE0919O01
7704,R1P040BO21P001
7705,S2P300M228L002
7706,S2P300M228L007
7707,S2P300M228L007
7708,S2P300M228L005
7709,S2P300M228L006
7710,S2P300M228L006
7711,S2P300M228L005
7712,B2150PE0919O01
7713,B2150PE1021O03
7714,B2090PE0813O01
7715,S2P300M228L007
7716,B2150PE1015O02
7717,B2150PE1021O15
7718,R1P040BO21P001
7719,B2090PE0813O02
7720,S2P300M228L002
7721,B2090PE1308O01
7722,1075JKPO08107P32
7723,R2K014F002L001
7724,R2K014F002L001
7725,R2K014F002L001
7726,R2K014F002L001
7727,B2050TE0712R01
7728,R1P075PO13P203
7729,R1P075PO32P201
7730-01,B1050EV1223C01
7730-02,B1050EV1229C01
7730-03,B1050EV1424C01
7730-04,B1050EV1632C01
7730-05,B1050EV1626C01
7730-06,B1050EV1830C01
7731,S2P300N228L009
7732-01,R1P075PO16P204
7732-02,R1P100PO16P201
7732-03,R1P100PO20P202
7732-04,R1P100PO24P202
7733,R1P035PO06L202
7734,R1P075PO19P201
7735-01,R1P035PO14P204
7735-02,R1P035PO08P201
7736,B2074A20812K01
7737,B2074A20812K01
7738,B1060AV0709R01
7739,R1P075PO12L201
7740,R1P060PO12P201
7741,B1050EV1314R01
7742-01,R1P035PO11P203
7742-02,R1P035PO14P202
7742-03,R1P060PO08P206
7742-04,R1P060PO12P202
7742-05,R1P060PO16P203
7742-06,R1P060PO18P201
7742-07,R1P060PO20P202
7743,1060JKPO11133L32
7744,R2K030BO18L015
7745,R2K030BO18L023
7746-01,1050JKPO18160P32
7746-02,1050JKPO20160L32
7746-03,1050JKPO20160P32
7747,R1K050PO22L201
7748,R2P250PP28L017
7749,R2P250PP28L030
7750,B2090PE0813O02
7751,9B1150PE0905O01
7752,S2K101A309L001
7753-01,B2050EV1421C01
7753-02,B2050EV1624C01
7753-03,B2090EV1423C01
7754-01,R1K100PO11L201
7754-02,R1K100PO17L201
7755,R1P035PO14P204
7756,4115JKBO24170L30
7757,R1P075PO12P203
7758,B2150PE0919O01
7759,R2P225PP28L010
7760,R2P250PE28L009
7761,R1K075PO19L201
7762,SERV-10
7763-01,R1P050PO08P201
7763-02,R1P050PO11P201
7763-03,R1P050PO15P201
7763-04,R1P050PO18P201
7763-05,R1P100PO14P201
7763-06,R1P100PO16P204
7764-01,B2050TE0817C02
7764-02,B2050TE0812C01
7764-03,B2050TE0610C02
7765,1060JKPO32133P32
7766,R1P060PO10P208
7767,R1P060PO12P201
7768,R1P060PO14P201
7769,R1P060PO16P201
7770,R1P060PO18P203
7771,SERV-10
7772-01,4038JKAL9.2X507
7772-02,4014JKAL5.9X3741
7773,B2070AV0611R01
7774-01,B1090EV1132C01
7774-02,B1050EV1424C01
7775,B1050TE0709C01
7776,B1060AV0911R01
7777,B1060AV2024R01
7778-01,R1K100PO29L001
7778-02,R1K075PO21L201
7779-01,1100JKPO18080P32
7779-02,1100JKPO18080L32
7780,B2090PE0716O01
7781,B2110PE0817O01
7782-01,R1P060PO10P208
7782-02,R1P060PO13P206
7782-03,R1P075PO14P208
7783,R1P100PO08P206
7784,R1P100PO16P201
7785,B1090EV1034C01
7786-01,B1050EV1010R01
7786-02,B1050EV1012R01
7787,R1P075PO24P203
7788,R1P035PO08P204
7789,L2074A20812K02
7790-01,B1060AV0412R01
7790-02,B1060AV0308R01
7790-03,B1060AV0309R01
7790-04,B1060AV0510R01
7791,1100JKPO09080L32
7792-01,B1050EV1012R01
7792-02,B1050EV1015R01
7793,R1P100PO08P206
7794,B1060AV1622R01
7795,B1060AV1421R01
7796,B2060AV0715R01
7797,B1050EV1214C01
7798-01,B1050TE1618R01
7798-02,B1090EV1314R01
7799,R1P075PO32P202
7800,RS00096
7801,9B2115B21217R01
7802,B2150PE1021O10
7803-01,B1050TE0814R01
7803-02,B1050EV1820R01
7804,B2150PE1021O11
7805,9R1P075PO33L201
7806,B2150PE1021O14
7807,B1050TE0817C01
7808,B1050TE0817C01
7809,B1050TE0817C01
7810,R1P100PO22P202
7811,R1P075PO22P202
7812,R1P075PO22P202
7813,R1P075PO22P202
7814,R1P075PO22P202
7815,R1P075PO22P202
7816,R1P075PO22P202
7817,B2044J20912T01
7818,B2044J20912T01
7819,1060JKPO32133P32
7820,1060JKPO32133P32
7821,R1P100PO35P202
7822,S2K053A305L001
7823,S2P300M232L001
7824-01,1075JKPO20107L32
7824-02,1075JKPO08107P32
7825,S2P300N228L009
7826,R1P075PO14P208
7827-01,S2P046H204L001
7827-02,S2P046H201L001
7827-03,S2P046H201L002
7828,B1090EV1218C01
7829-01,R1P075PO16P212
7829-02,R1P075PO16P205
7830,S2P300N228L006
7831,R1P060PO24P206
7832-01,L2079C20810K02
7832-02,L2079C20810K03
7833-01,L2079C20910K02
7833-02,L2079C20910K03
7834,R1P075PO08P201
7835-01,R1P050PO12L201
7835-02,R1P075PO16P212
7836,4115JKBO19170L30
7837-01,1075JKPO10107L32
7837-02,1075JKPO10103P32
7838,S2K034G208L001
7839-01,B1060AV1420R01
7839-02,B1060AV0812R01
7840,R1P075PO10P202
7841,R1P075PO14P206
7842,R1P075PO16P203
7843,R1P075PO16L203
7844,R1P060PO20P001
7845,R1P060PO16P204
7846,R1P060PO16P204
7847,B2100PE0716O01
7848,B2125PE0817O13
7849,R1P060PO10P208
7850,R1P060PO14P201
7851-01,R1P075PO08P204
7851-02,R1P075PO14P208
7852,1075JKPO08107L32
7853,2060JKAV09X120R
7854-01,R1P060PO16P201
7854-02,R1P100PO08P203
7854-03,R1P100PO18P207
7855,R2P250PE28L005
7856,R2P250PE28L008
7857,L2074A20812K01
7858-01,L2074A20812K02
7858-02,L2033C20709K02
7859,L2079C20910K02
7860,R1P075PO10L201
7861,L2115B23512R01
7862-01,R1P060PO16L201
7862-02,R1P060PO11L201
7863,L2074A20812K02
7864,R1P100PO08P206
7865-01,9S2K043J210L001
7865-02,9S2K043J211L001
7865-03,9S2K033G209L001
7866,R1P050PO12L201
7867,B1060AV0812R01
7868,B2125PE0817O02
7869,R1P060PO18P201
7870,R1P075PO12P206
7871-01,B1050TE0812C01
7871-02,B1050TE0817C02
7872,B2120PE0715O01
7873,R1P100PO30P201
7874,R1P100PO30P201
7875,R1P100PO30P201
7876,B2050EV1314R02
7877,B2050EV1314R02
7878,R1P100PO12L201
7879,R1P100PO35P202
7880,R1P075PO32P201
7881-01,R1P075PO16L201
7881-02,R1P100PO12L201
7882,R1P100PO22P202
7883,R1P100PO22P202
7884,R1P100PO22P202
7885,R1P100PO22P202
7886-01,R1P060PO13P201
7886-02,R1P060PO10L201
7887,R2P250PP28L035
7888-01,R1P075PO12L201
7888-02,R1P100PO14L201
7889,B2070AV0811R01
7890-01,R1P060PO13P201
7890-02,R1P060PO22P202
7890-03,R1P060PO24P202
7890-04,R1P075PO11P202
7890-05,R1P100PO08P204
7891,R1P100PO24L201
7892,B1050EV1628C01
7893,R2P035BO02L001
7894,R1P100PO30P204
7895,R2P040PB07L002
7896,S2K034G207L001
7897-01,B1090EV1424C01
7897-02,B1050EV1420C01
7898,B1050EV1015R01
7899,R1P060PO16P201
7900-01,R1P050PO16P201
7900-02,R1P060PO22P203
7901,B1060AV0911R02
7902-01,B2050EV1115R01
7902-02,B1050EV1115R01
7902-03,B2050EV1220C01
7902-04,B1050EV1220C01
7902-05,B2090EV0912C01
7903-01,B1050TE0918C01
7903-02,B1060AV1422R01
7903-03,B1050TE1822C01
7904,R1P050PO15P201
7905-01,R1P050PO10P202
7905-02,R1P050PO14P202
7906,B2150PE1014O02
7907,S2P080A215L001
7908,B2150PE0716O01
7909,B2150PE0817O01
7910-01,B1070AV1014R01
7910-02,B1070AV1016R01
7911,B1060AV0710R01
7912,B2060AV0812R01
7913,R1P060PO09P204
7914,9B1150PE0905O01
7915,R2K014FO02L001
7916,R1P075PO12L201
7917,B2050EV1314R01
7918,RS00096
7919,R1P035PO06L202
7920,B1050TE0817C01
7921,B1050TE0817C01
7922,B1050TE0817C01
7923,R1P035PO14P204
7924,9S2P300N228L009
7925,B2050EV1314R05
7926,B2050EV1314R04
7927,B2050EV1314R03
7928,R2K030BO15L004
7929-01,B2070AV0811R01
7929-02,B2070AV0611R01
7930,B1060AV1418R01
7931-01,R1P035PO14P202
7931-02,R1P060PO12P202
7931-03,R1P075PO14P205
7931-04,R1P100PO14P202
7932,S2K081A305L001
7933,B1090EV0912C01
7934-01,B1060AV1515R01
7934-02,B1060AV2015R01
7935-01,R1P050PO06L201
7935-02,R1P060PO06L201
7936,B2050TE1524C01
7937-01,R1P075PO07L001
7937-02,R1P100PO24L201
7938-01,R1K075PO10L201
7938-02,R1K075PO19L201
7939,B2050EV1314R02
7940,B2050EV1314R04
7941,B2050EV1314R01
7942,B2050EV1314R03
7943,B2050EV1314R05
7944,S2K043G206L001
7945,R1P100PO30P201
7946,R1P100PO30P201
7947,R1P100PO30P201
7948,R1P075PO16P205
7949,B2050EV1116C01
7950,R1P060PO18L201
7951,B2125PE0817O11
7952,B2150PE0919O02
7953,B2150PE1218O01
7954,R1P100PO22L201
7955-01,R2K030BO18L010
7955-02,R2K030BO24L001
7955-03,R2K030BO16L001
7955-04,R2K030BO24L002
7956-01,R2K030BO18L011
7956-02,R2K030BO18L012
7956-03,R2030UBO0480L009
7956-04,R2K030BO18L023
7956-05,R2K030BO18L009
7957-01,S2K034J210L001
7957-02,R2K050PE36L00
7958-01,S2K034J210L001
7958-02,R2K050PE36L00
7959-01,S2K034J210L001
7959-02,R2K050PE36L00
7960-01,S2K034J210L001
7960-02,R2K050PE36L00
7961,R2P060PO16P201
7962-01,R1P100PO15P203
7962-02,R1P100PO24P205
7963,R1K075PO14L201
7964-01,2060JKPO16133P32
7964-02,2060JKPO16133P32
7965,R1P060PO13P206
7966,2100JKAV09X150R
7967-01,S2K034J210L001
7967-02,R2K050PE36L00
7968,SERV-10
7969-01,B1090EV0928C01
7969-02,B1090EV1014C01
7969-03,B1090EV1018C01
7970,S2P062H209L013
7971,1062JKBO227X1767MT
7972,R1P075PO12L201
7973,R1P075PO12L201
7974,R1P075PO12L201
7975,R1P075PO14P208
7976,R1P075PO16P203
7977,R1P075PO16P203
7978,R1P075PO16P203
7979,R1P075PO16P203
7980-01,R1P035PO14P201
7980-02,R1P035PO08P201
7981,R1P075PO16P203
7982,R1P075PO16P203
7983,R1P100PO15P202
7984,S2P062H209L011
7985,S2P062H209L011
7986-01,B1050TE1111R01
7986-02,B1050TE0607C01
7986-03,B1050TE0811C01
7987,2060JKAV09X120R
7988,R2P225PP28L010
7989,2060JKAV09X120R
7990-01,R1P060PO10L201
7990-02,R1P075PO14L202
7991-01,R1P060PO10P208
7991-02,R1P060PO13P206
7991-03,R1P075PO14P208
7992-01,R1P035PO16P205
7992-02,R1P060PO24P206
7992-03,R1P100PO10P205
7992-04,R1P100PO22P201
7993,R2K014FO02L002
7994,B1090EV1314R01
7995,R1P100PO26L201
7996,R1K130PA32L001
7997,R1K130PA32L001
7998,R1P035PO08P204
7999,SERV-10
8000,B2140PE0514O01
8001,B2050TE0712R01
8002,B1070AV0813R01
8003-01,R1P100PO25P201
8003-02,R1P075PO28P202
8003-03,R1P075PO32P202
8004,1050JKEV18X300C
6644,1060JKPO16133L32
